date,filesize
1675201213,66
1675203654,66
1675205505,450
1675289135,481
1675289799,481
1675289911,481
1675386814,481
1675388552,481
1675389693,481
1675393362,481
1675717976,481
1675720853,481
1675723427,481
1675732449,481
1675734050,481
1675739335,481
1676261945,481
1676262097,481
1676263632,481
1676421802,481
1676421860,481
1676421961,481
1676421969,481
1676423510,481
1676423592,481
1676515022,481
1676515205,481
1676515259,481
1676515280,481
1676516905,481
1676517129,481
1676584210,481
1676584402,481
1676584525,481
1676584662,481
1676586146,481
1676586509,481
1676587716,705
1676593216,705
1676593987,705
1676596812,705
1676597341,705
1676599077,705
1676600413,705
1676601441,705
1676603874,705
1676606813,705
1676609122,705
1676613022,705
1676618813,705
1676621151,705
1676627301,705
1676854423,705
1676854609,705
1676854626,705
1676854760,705
